{"cameraMode":{"drawMode":0,"name":"Shaded","section":"Shading Mode"},"sceneLighting":false,"audioPlay":false,"sceneViewState":{"m_AlwaysRefresh":false,"showFog":true,"showSkybox":false,"showFlares":true,"showImageEffects":true,"showParticleSystems":true,"showVisualEffectGraphs":true,"m_FxEnabled":true},"in2DMode":false,"pivot":{"x":-0.06076228618621826,"y":-0.009150505065917969,"z":-0.06005832552909851},"rotation":{"x":0.22933053970336915,"y":-0.29378584027290347,"z":0.07282837480306626,"w":0.9250973463058472},"size":0.20319712162017823,"orthographic":false}