{"cameraMode":{"drawMode":0,"name":"Shaded","section":"Shading Mode"},"sceneLighting":false,"audioPlay":false,"sceneViewState":{"m_AlwaysRefresh":false,"showFog":true,"showSkybox":false,"showFlares":true,"showImageEffects":true,"showParticleSystems":true,"showVisualEffectGraphs":true,"m_FxEnabled":true},"in2DMode":false,"pivot":{"x":3.080282211303711,"y":-0.07714460045099259,"z":0.2630571722984314},"rotation":{"x":0.011554448865354061,"y":-0.9852703213691711,"z":0.0740337148308754,"w":0.15374630689620973},"size":1.1320486068725587,"orthographic":false}