{"cameraMode":{"drawMode":0,"name":"Shaded","section":"Shading Mode"},"sceneLighting":true,"audioPlay":false,"sceneViewState":{"m_AlwaysRefresh":false,"showFog":true,"showSkybox":true,"showFlares":true,"showImageEffects":true,"showParticleSystems":true,"showVisualEffectGraphs":true,"m_FxEnabled":true},"in2DMode":false,"pivot":{"x":191.1199951171875,"y":-0.9100000262260437,"z":56.900001525878909},"rotation":{"x":0.033804360777139667,"y":-0.9652848839759827,"z":0.159232035279274,"w":0.20452597737312318},"size":0.8660253882408142,"orthographic":false}